{
  "bull_model": {
    "tp_pct": 7.5,
    "sl_pct": 3.0,
    "n_bull_bars": 17825,
    "n_long_trades": 10483,
    "accuracy": 0.5180925666199159,
    "precision": 0.39330344367070497,
    "ev_per_trade": 1.1296861585424023,
    "fold_accs": [
      0.5179536066094693,
      0.5437166151251054,
      0.5883489784649365,
      0.7336625036305547,
      0.6961005478569127,
      0.36450511945392494,
      0.5684903331962156,
      0.6142004398366321,
      0.5720973782771536,
      0.5951704545454546
    ]
  },
  "bear_model": {
    "tp_pct": 3.0,
    "sl_pct": 9.0,
    "n_bear_bars": 13679,
    "n_short_trades": 6672,
    "accuracy": 0.530228817896045,
    "npv": 0.22497002398081534,
    "ev_per_trade": -0.30035971223021596,
    "fold_accs": [
      0.9449101796407186,
      0.5139791019486021,
      0.32341790609507143,
      0.5500916310323763,
      0.2447118891320204,
      0.7433628318584071,
      0.7051920341394026,
      0.5134039900249376,
      0.5675274562184625,
      0.39055064581917065
    ]
  },
  "combined": {
    "bull_frac": 0.5658011681056374,
    "bear_frac": 0.4341988318943626,
    "ev_combined": 0.5087619118975749
  }
}