{
  "name": "Reproduce v1 (TemporalV2 + v1_raw pipeline)",
  "accuracy": 0.5919585362022931,
  "fold_accs": [
    0.6598159509202454,
    0.4460715291467192,
    0.5631758679567445,
    0.5269709543568465,
    0.6982849142457123,
    0.6010709504685409,
    0.6852459016393443,
    0.44335578689528476,
    0.6260138179633523,
    0.7282277194171467
  ],
  "fold_acc_std": 0.09617599134642266,
  "folds_below_50": 2,
  "bull_precision": 0.3896087714926489,
  "bear_precision": 0.8129906441552855,
  "bear_npv": 0.33304885854491145,
  "ev_bull_long": 1.090892100672813,
  "ev_bear_long": 1.036401763630498,
  "ev_bear_short": 0.4970130147215701,
  "runtime_sec": 4021.1051304340363
}