{
  "bull_stats": {
    "tp": 3308,
    "fp": 6218,
    "tn": 5254,
    "fn": 3045,
    "precision": 0.3472601301700609,
    "npv": 0.6330883238944451,
    "accuracy": 0.48033660589060306,
    "pred1_rate": 0.5344179523141654,
    "n": 17825
  },
  "bear_stats": {
    "tp": 8093,
    "fp": 2168,
    "tn": 1132,
    "fn": 2593,
    "precision": 0.7887145502387681,
    "npv": 0.30389261744966445,
    "accuracy": 0.6595881595881596,
    "pred1_rate": 0.7336622336622337,
    "n": 13986
  },
  "ev": {
    "bull_long": 0.6462313667856394,
    "bull_short": -0.8525725991083262,
    "bear_long": 0.7815027775070655,
    "bear_short": 0.19087248322147676
  },
  "strategies": {
    "1. Long bull only": 0.19351796548363778,
    "2. Long bull, short bear": 0.21586872465499363,
    "3. Both sides, both regimes": 0.2455282763823835,
    "4. Long bull, both sides bear": 0.46795133758762697,
    "5. Current (long both)": 0.4456005784162711
  },
  "fold_accs": [
    0.5751533742331288,
    0.4742326105322444,
    0.48406374501992033,
    0.5151155898043864,
    0.7605880294014701,
    0.3373493975903614,
    0.6338797814207651,
    0.4657072872014697,
    0.6413337338540103,
    0.7577092511013216
  ]
}